{"train/loss":0.04636929190255762,"_wandb":{"runtime":1},"train/epoch_time_sec":0.005283693957608193,"train/steps_per_sec":1514.0922362621882,"train/peak_gpu_mem_reserved_mb":24,"epoch":200,"_step":200,"test/loss":0.2888702993782667,"_timestamp":1.766478801149648e+09,"val/loss":0.04310718379341639,"test/acc":0.9423076923076923,"_runtime":1,"train/peak_gpu_mem_alloc_mb":18.42041015625,"train/acc":0.9837398412750988,"val/acc":0.9807692307692307}