{"train/acc":1,"test/acc":0.9038461676010718,"epoch":300,"val/loss":0.25688374501008254,"_runtime":1,"val/acc":0.9423077060626104,"test/loss":0.36546378754652464,"train/loss":1.1290686509384866e-06,"_timestamp":1.7664765595371368e+09,"_wandb":{"runtime":1},"_step":300}