{"val/loss":0.04310718379341639,"test/loss":0.2888702993782667,"train/peak_gpu_mem_alloc_mb":0,"test/acc":0.9423076923076923,"val/acc":0.9807692307692307,"_wandb":{"runtime":2},"_timestamp":1.7664788888955626e+09,"train/loss":0.04636929190255762,"train/peak_gpu_mem_reserved_mb":0,"_runtime":2,"epoch":200,"_step":200,"train/epoch_time_sec":0.009347295039333403,"train/steps_per_sec":855.8625748236268,"train/acc":0.9837398412750988}