{
  "label_names": [
    "MoveDown",
    "MoveLeft",
    "MoveRight",
    "MoveUp",
    "Press",
    "ZoomIn",
    "ZoomOut"
  ],
  "mean": [
    2.0934958457946777,
    -0.2601625919342041,
    0.8617886304855347,
    -0.5203251838684082,
    0.6463414430618286,
    -0.26829269528388977,
    1.369918704032898,
    -0.1260162591934204,
    0.9186992049217224,
    -0.05284553021192551,
    0.5853658318519592,
    -0.2804878056049347,
    -3.422764301300049,
    -0.4471544623374939,
    -0.5528455376625061,
    0.17479674518108368,
    -0.2073170691728592,
    0.11382114142179489,
    -0.10569106042385101,
    0.22764228284358978,
    -0.03658536449074745,
    0.26422762870788574,
    -0.04878048598766327,
    0.23170731961727142,
    -0.13414634764194489,
    -0.5365853905677795
  ],
  "std": [
    14.9618558883667,
    11.886204719543457,
    8.839881896972656,
    7.123016357421875,
    7.944479942321777,
    6.264589309692383,
    7.593145370483398,
    5.42393684387207,
    7.282448768615723,
    5.810110092163086,
    5.9700164794921875,
    4.782948017120361,
    7.371121883392334,
    9.252728462219238,
    1.9701169729232788,
    4.726456165313721,
    1.2171316146850586,
    4.078902244567871,
    1.2771471738815308,
    3.3051161766052246,
    1.4094215631484985,
    3.0549349784851074,
    1.2254329919815063,
    2.022028684616089,
    0.9251958131790161,
    2.3069100379943848
  ],
  "input_dim": 26
}