{"_step":200,"train/loss":0.04636929190255762,"train/acc":0.9837398412750988,"train/peak_gpu_mem_mb":18.42041015625,"train/steps_per_sec":1392.1413274065314,"test/loss":0.2888702993782667,"_wandb":{"runtime":1},"_runtime":1,"_timestamp":1.7664779910659122e+09,"val/loss":0.04310718379341639,"epoch":200,"train/epoch_time_sec":0.005746542999986559,"test/acc":0.9423076923076923,"val/acc":0.9807692307692307}