{"train/peak_gpu_mem_reserved_mb":0,"_timestamp":1.7664788794954963e+09,"train/loss":0.00021627409994361802,"epoch":200,"_step":200,"val/loss":0.007903890254405828,"train/peak_gpu_mem_alloc_mb":0,"val/acc":1,"train/acc":1,"_runtime":2,"test/acc":0.9038461492611811,"train/steps_per_sec":752.7912586948628,"test/loss":0.6473932174535898,"_wandb":{"runtime":2},"train/epoch_time_sec":0.010627115960232913}