{"test/acc":0.9038461492611811,"train/acc":1,"test/loss":0.6473932174535898,"_step":200,"train/epoch_time_sec":0.005517670011613518,"train/steps_per_sec":1449.8873588238707,"epoch":200,"_timestamp":1.766478790023562e+09,"val/acc":1,"train/peak_gpu_mem_alloc_mb":20.08154296875,"train/loss":0.00021627409994361802,"_runtime":1,"_wandb":{"runtime":1},"train/peak_gpu_mem_reserved_mb":24,"val/loss":0.007903890254405828}